label,utc,elapsed_s,db_tip_height,rss_bytes,swap_bytes,cpu_seconds,read_bytes,write_bytes,scrape_error
v0.0.1,2026-09-13T10:30:09.218759+00:00,0,0,,,,,,
v0.0.1,2026-09-13T10:30:09.218768+00:00,0.0002958140103146434,,1015808,0,0.0,0,0,<urlopen error [Errno 111] Connection refused>
v0.0.1,2026-09-13T10:30:10.218544+00:00,1.0000639100326225,,437706752,0,2.2,1358278656,2281472,cannot convert float NaN to integer
v0.0.1,2026-09-13T10:30:11.218541+00:00,2.0000628089765087,,465756160,0,6.48,3408736256,2945024,cannot convert float NaN to integer
v0.0.1,2026-09-13T10:30:12.218541+00:00,3.0000626479741186,,485031936,0,11.75,5422759936,3985408,cannot convert float NaN to integer
v0.0.1,2026-09-13T10:30:13.218543+00:00,4.000063578016125,,502382592,0,17.59,7607607296,5263360,cannot convert float NaN to integer
v0.0.1,2026-09-13T10:30:14.218542+00:00,5.000063318992034,,510410752,0,23.98,9710563328,6647808,cannot convert float NaN to integer
v0.0.1,2026-09-13T10:30:15.218543+00:00,6.00006462004967,,525234176,0,30.15,11878100992,7688192,cannot convert float NaN to integer
v0.0.1,2026-09-13T10:30:16.218556+00:00,7.000075911986642,,540647424,0,36.21,14002917376,8617984,cannot convert float NaN to integer
v0.0.1,2026-09-13T10:30:17.218542+00:00,8.000062164035626,,552685568,0,42.27,16198729728,9469952,cannot convert float NaN to integer
v0.0.1,2026-09-13T10:30:18.218541+00:00,9.000062076956965,,572477440,0,48.07,18508984320,10240000,cannot convert float NaN to integer
v0.0.1,2026-09-13T10:30:19.218545+00:00,10.000065919943154,,602480640,0,53.41,21220282368,10801152,cannot convert float NaN to integer
v0.0.1,2026-09-13T10:30:20.218541+00:00,11.000061983941123,,620785664,0,59.24,24034541568,11464704,cannot convert float NaN to integer
v0.0.1,2026-09-13T10:30:21.218540+00:00,12.000062357983552,,626794496,0,64.89,26900869120,12042240,cannot convert float NaN to integer
v0.0.1,2026-09-13T10:30:22.218543+00:00,13.000063483952545,,632365056,0,70.64,29927051264,12591104,cannot convert float NaN to integer
v0.0.1,2026-09-13T10:30:23.218553+00:00,14.000074460054748,,636661760,0,76.29,32925282304,13074432,cannot convert float NaN to integer
v0.0.1,2026-09-13T10:30:24.218542+00:00,15.000063405022956,,646238208,0,82.4,35923333120,13520896,cannot convert float NaN to integer
v0.0.1,2026-09-13T10:30:25.218543+00:00,16.000064542051405,,679821312,0,87.93,39247421440,13746176,cannot convert float NaN to integer
v0.0.1,2026-09-13T10:30:26.218544+00:00,17.000064008985646,,691253248,0,93.09,42664161280,13938688,cannot convert float NaN to integer
v0.0.1,2026-09-13T10:30:27.218554+00:00,18.000070606940426,,712204288,0,98.24,46172880896,14135296,cannot convert float NaN to integer
v0.0.1,2026-09-13T10:30:28.218546+00:00,19.000064924941398,,717832192,0,103.18,49719934976,14286848,cannot convert float NaN to integer
v0.0.1,2026-09-13T10:30:29.218550+00:00,20.000068863970228,,726732800,0,108.08,53274574848,14417920,cannot convert float NaN to integer
v0.0.1,2026-09-13T10:30:30.218546+00:00,21.00006674299948,,730406912,0,112.97,56836423680,14540800,cannot convert float NaN to integer
v0.0.1,2026-09-13T10:30:31.218546+00:00,22.00006670295261,,731033600,0,117.91,60349997056,14663680,cannot convert float NaN to integer
v0.0.1,2026-09-13T10:30:32.218549+00:00,23.000064993975684,,733020160,0,122.6,63914110976,14778368,cannot convert float NaN to integer
v0.0.1,2026-09-13T10:30:33.218546+00:00,24.000065854983404,,735019008,0,127.04,67477983232,14913536,cannot convert float NaN to integer
v0.0.1,2026-09-13T10:30:34.218546+00:00,25.000066025997512,,748818432,0,131.55,71072137216,15015936,cannot convert float NaN to integer
v0.0.1,2026-09-13T10:30:35.218543+00:00,26.000064307940193,,754589696,0,135.79,74651168768,15130624,cannot convert float NaN to integer
v0.0.1,2026-09-13T10:30:36.218542+00:00,27.00006397103425,,767868928,0,140.17,78243041280,15241216,cannot convert float NaN to integer
v0.0.1,2026-09-13T10:30:37.218540+00:00,28.00006200396456,,783872000,0,144.49,81887887360,15347712,cannot convert float NaN to integer
v0.0.1,2026-09-13T10:30:38.218541+00:00,29.000062706996687,,795934720,0,148.66,85546758144,15446016,cannot convert float NaN to integer
v0.0.1,2026-09-13T10:30:39.218548+00:00,30.000067402026616,,810418176,0,152.63,89223159808,15503360,cannot convert float NaN to integer
v0.0.1,2026-09-13T10:30:40.218543+00:00,31.000061845988967,,818544640,0,156.72,92890345472,15585280,cannot convert float NaN to integer
v0.0.1,2026-09-13T10:30:41.218527+00:00,32.00004875101149,,822128640,0,160.67,96583163904,15654912,cannot convert float NaN to integer
v0.0.1,2026-09-13T10:30:42.218546+00:00,33.000065517029725,,824496128,0,164.32,100266135552,15732736,cannot convert float NaN to integer
v0.0.1,2026-09-13T10:30:43.218546+00:00,34.00006739294622,,832192512,0,167.96,103949197312,15790080,cannot convert float NaN to integer
v0.0.1,2026-09-13T10:30:44.218542+00:00,35.00006397999823,,835510272,0,171.74,107642724352,15851520,cannot convert float NaN to integer
v0.0.1,2026-09-13T10:30:45.218544+00:00,36.00006516696885,,838799360,0,176.09,111308361728,15949824,cannot convert float NaN to integer
v0.0.1,2026-09-13T10:30:46.218559+00:00,37.00007812504191,,841342976,0,180.86,115004821504,16003072,cannot convert float NaN to integer
v0.0.1,2026-09-13T10:30:47.218557+00:00,38.0000763440039,,841670656,0,186.03,118713368576,16039936,cannot convert float NaN to integer
v0.0.1,2026-09-13T10:30:48.218558+00:00,39.00007735204417,,844570624,0,191.4,122348220416,16101376,cannot convert float NaN to integer
v0.0.1,2026-09-13T10:30:49.218541+00:00,40.00006296194624,,845189120,0,196.27,125981302784,16142336,cannot convert float NaN to integer
v0.0.1,2026-09-13T10:30:50.218543+00:00,41.0000620019855,,851464192,0,200.5,129617530880,16179200,cannot convert float NaN to integer
v0.0.1,2026-09-13T10:30:51.218544+00:00,42.00006395194214,,854413312,0,204.45,133254799360,16220160,cannot convert float NaN to integer
v0.0.1,2026-09-13T10:30:52.218545+00:00,43.000065993051976,,859553792,0,208.16,136922046464,16273408,cannot convert float NaN to integer
v0.0.1,2026-09-13T10:30:53.218542+00:00,44.000063523999415,,865824768,0,212.27,140599103488,16306176,cannot convert float NaN to integer
v0.0.1,2026-09-13T10:30:54.218540+00:00,45.000062125967816,,868323328,0,216.24,144240787456,16334848,cannot convert float NaN to integer
v0.0.1,2026-09-13T10:30:55.218540+00:00,46.000061598955654,,881377280,0,217.23,144574820352,16338944,cannot convert float NaN to integer
v0.0.1,2026-09-13T10:30:56.218540+00:00,47.00006507197395,,883322880,0,217.94,144663330816,16338944,cannot convert float NaN to integer
v0.0.1,2026-09-13T10:30:57.218535+00:00,48.00006013503298,,900345856,0,218.47,144806469632,16338944,cannot convert float NaN to integer
v0.0.1,2026-09-13T10:30:58.218542+00:00,49.00006637896877,,929951744,0,218.77,144906100736,16355328,cannot convert float NaN to integer
v0.0.1,2026-09-13T10:30:59.218552+00:00,50.000072933966294,,930041856,0,218.77,144910049280,16355328,cannot convert float NaN to integer
v0.0.1,2026-09-13T10:31:00.218552+00:00,51.000072387978435,,930041856,0,218.78,144910049280,16355328,cannot convert float NaN to integer
v0.0.1,2026-09-13T10:31:01.218551+00:00,52.00007208401803,,930041856,0,218.78,144910049280,16355328,cannot convert float NaN to integer
v0.0.1,2026-09-13T10:31:02.218552+00:00,53.000072650029324,,930041856,0,218.78,144910049280,16355328,cannot convert float NaN to integer
v0.0.1,2026-09-13T10:31:03.218552+00:00,54.000072016962804,,930045952,0,218.78,144910114816,16355328,cannot convert float NaN to integer
v0.0.1,2026-09-13T10:31:04.218540+00:00,55.00006175402086,,944181248,0,219.65,146060382208,16363520,cannot convert float NaN to integer
v0.0.1,2026-09-13T10:31:05.218544+00:00,56.000064661027864,,964317184,0,220.54,147823431680,16363520,cannot convert float NaN to integer
v0.0.1,2026-09-13T10:31:06.218543+00:00,57.000064568943344,,984039424,0,221.63,149335949312,16363520,cannot convert float NaN to integer
v0.0.1,2026-09-13T10:31:07.218556+00:00,58.00007670803461,180724,1013129216,0,222.72,150841266176,47267840,
v0.0.1,2026-09-13T10:31:08.218549+00:00,59.000068856053986,180724,1013190656,0,223.69,152293732352,47267840,
v0.0.1,2026-09-13T10:31:09.218542+00:00,60.00006294599734,180724,1013166080,0,224.56,153550753792,47267840,
v0.0.1,2026-09-13T10:31:10.218545+00:00,61.00006581505295,180724,1013166080,0,225.49,154930434048,47267840,
v0.0.1,2026-09-13T10:31:11.218542+00:00,62.00006294599734,180724,1014472704,0,226.46,156418076672,47267840,
v0.0.1,2026-09-13T10:31:12.218549+00:00,63.00006981694605,180724,1015451648,0,227.12,157600694272,47267840,
v0.0.1,2026-09-13T10:31:13.218552+00:00,64.00007369904779,180724,1015451648,0,227.6,158399107072,47267840,
v0.0.1,2026-09-13T10:31:14.218539+00:00,65.00006168102846,180724,1015459840,0,228.15,159241695232,47267840,
v0.0.1,2026-09-13T10:31:15.218539+00:00,66.00006077298895,361442,1051475968,0,229.35,160435433472,90677248,
v0.0.1,2026-09-13T10:31:16.218540+00:00,67.00006159604527,484602,1089212416,0,230.86,161778425856,141910016,
v0.0.1,2026-09-13T10:31:17.218542+00:00,68.00006273004692,559999,1152585728,0,232.16,163286937600,197771264,
v0.0.1,2026-09-13T10:31:18.218544+00:00,69.00006392400246,720831,1210191872,0,234.01,164557430784,325873664,
v0.0.1,2026-09-13T10:31:19.218542+00:00,70.00006352795754,911826,1278128128,0,235.85,165678448640,550674432,
v0.0.1,2026-09-13T10:31:20.218540+00:00,71.00006202200893,1031999,1311580160,0,237.5,166812405760,719376384,
v0.0.1,2026-09-13T10:31:21.218540+00:00,72.00006182794459,1140999,1339273216,0,239.06,168041222144,897830912,
v0.0.1,2026-09-13T10:31:22.218539+00:00,73.00006152398419,1279700,1372864512,0,240.73,169251352576,1096581120,
v0.0.1,2026-09-13T10:31:23.218539+00:00,74.00006085995119,1416643,1415581696,0,242.27,170494758912,1310691328,
v0.0.1,2026-09-13T10:31:24.218542+00:00,75.00006199697964,1509040,1426599936,0,243.92,171523743744,1575505920,
v0.0.1,2026-09-13T10:31:25.218541+00:00,76.00006128498353,1636579,1457610752,0,245.57,172708315136,1810104320,
v0.0.1,2026-09-13T10:31:26.218542+00:00,77.0000624320237,1708999,1478299648,0,246.6,174342316032,2013007872,
v0.0.1,2026-09-13T10:31:27.218542+00:00,78.00006365100853,1713877,1526059008,0,247.52,176092708864,2146144256,
v0.0.1,2026-09-13T10:31:28.218544+00:00,79.00006383901928,1715999,1560956928,0,248.43,177868668928,2222325760,
v0.0.1,2026-09-13T10:31:29.218555+00:00,80.00007616903167,1722839,1626292224,0,249.36,179542351872,2355486720,
v0.0.1,2026-09-13T10:31:30.218543+00:00,81.0000627579866,1728999,1661587456,0,250.63,181559803904,2624913408,
v0.0.1,2026-09-13T10:31:31.218543+00:00,82.00006393902004,1731999,1776852992,0,252.17,183903920128,2897612800,
v0.0.1,2026-09-13T10:31:32.218543+00:00,83.00006488000508,1734999,1837035520,0,253.85,186414698496,3201527808,
v0.0.1,2026-09-13T10:31:33.218545+00:00,84.0000661109807,1736999,1896919040,0,255.49,188749697024,3517882368,
v0.0.1,2026-09-13T10:31:34.218555+00:00,85.00007584202103,1739755,2047565824,0,257.28,190931623936,3838472192,
v0.0.1,2026-09-13T10:31:35.218542+00:00,86.00006342399865,1743999,1970880512,0,258.93,192983859200,4214812672,
v0.0.1,2026-09-13T10:31:36.218555+00:00,87.00007419695612,1748999,2035601408,0,260.6,195196153856,4550172672,
v0.0.1,2026-09-13T10:31:37.218547+00:00,88.00006611004937,1752999,2037116928,0,262.53,197704798208,4875902976,
v0.0.1,2026-09-13T10:31:38.218541+00:00,89.0000628529815,1756999,1952210944,0,264.32,200192749568,5263581184,
v0.0.1,2026-09-13T10:31:39.218567+00:00,90.00008524802979,1759999,1938350080,0,265.94,202772951040,5545648128,
v0.0.1,2026-09-13T10:31:40.218549+00:00,91.00006626197137,1762999,2055315456,0,267.81,205334667264,5854756864,
v0.0.1,2026-09-13T10:31:41.218549+00:00,92.0000668070279,1765999,2024144896,0,269.48,207840997376,6183297024,
v0.0.1,2026-09-13T10:31:42.218546+00:00,93.00006709201261,1768999,1942892544,0,270.92,210407993344,6479171584,
v0.0.1,2026-09-13T10:31:43.218550+00:00,94.00006983801723,1770999,1993437184,0,272.33,213099843584,6649524224,
v0.0.1,2026-09-13T10:31:44.218550+00:00,95.00006781402044,1773999,1980190720,0,273.79,215727276032,6933446656,
v0.0.1,2026-09-13T10:31:45.218543+00:00,96.00006461096928,1777999,1946513408,0,275.44,218339880960,7229890560,
v0.0.1,2026-09-13T10:31:46.218542+00:00,97.00006226904225,1780999,1942892544,0,276.94,221043195904,7463514112,
v0.0.1,2026-09-13T10:31:47.218552+00:00,98.00007197598461,1782999,2139869184,0,278.63,223736520704,7663902720,
v0.0.1,2026-09-13T10:31:48.218549+00:00,99.00006887398195,1785999,1923743744,0,280.22,226295967744,8037683200,
v0.0.1,2026-09-13T10:31:49.218561+00:00,100.00008130294736,1787999,1929113600,0,281.84,228917067776,8276385792,
v0.0.1,2026-09-13T10:31:50.218549+00:00,101.00006895198021,1790999,2027229184,0,283.77,231512948736,8585650176,
v0.0.1,2026-09-13T10:31:51.218551+00:00,102.00006829202175,1793999,2026745856,0,285.57,234142879744,8929370112,
v0.0.1,2026-09-13T10:31:52.218540+00:00,103.00006241200026,1796999,1926352896,0,287.37,236685864960,9273688064,
v0.0.1,2026-09-13T10:31:53.218546+00:00,104.00006667198613,1802389,1927110656,0,288.78,238721384448,9556819968,
v0.0.1,2026-09-13T10:31:54.218551+00:00,105.00007025303785,1803999,2052030464,0,290.47,241449222144,9748254720,
v0.0.1,2026-09-13T10:31:55.218546+00:00,106.00006814394146,1806999,1987158016,0,292.18,244050522112,10091765760,
v0.0.1,2026-09-13T10:31:56.218547+00:00,107.00006678595673,1810999,1912152064,0,293.76,246675206144,10453250048,
v0.0.1,2026-09-13T10:31:57.218539+00:00,108.00006147800013,1813999,1916198912,0,295.4,249338888192,10767437824,
v0.0.1,2026-09-13T10:31:58.218544+00:00,109.00006403098814,1816999,1900716032,0,297.11,251998851072,11030528000,
v0.0.1,2026-09-13T10:31:59.218542+00:00,110.00006392400246,1819999,1897050112,0,298.82,254608539648,11349598208,
v0.0.1,2026-09-13T10:32:00.218540+00:00,111.00006182701327,1830337,1890299904,0,300.34,256773222400,11687579648,
v0.0.1,2026-09-13T10:32:01.218555+00:00,112.00007645203732,1831999,1890299904,0,301.82,259525644288,11844788224,
v0.0.1,2026-09-13T10:32:02.218546+00:00,113.00006569898687,1834999,1966796800,0,303.6,262173876224,12113993728,
v0.0.1,2026-09-13T10:32:03.218552+00:00,114.00006864499301,1838999,1890299904,0,305.0,264891785216,12337905664,
v0.0.1,2026-09-13T10:32:04.218558+00:00,115.00007712095976,1840999,1897996288,0,306.36,267688407040,12450123776,
v0.0.1,2026-09-13T10:32:05.218546+00:00,116.0000670759473,1843999,1890299904,0,307.75,270420901888,12620419072,
v0.0.1,2026-09-13T10:32:06.218544+00:00,117.00006470200606,1846999,1890299904,0,309.1,273179115520,12785020928,
v0.0.1,2026-09-13T10:32:07.218541+00:00,118.0000627390109,1849999,1890299904,0,310.44,275950370816,12944785408,
v0.0.1,2026-09-13T10:32:08.218544+00:00,119.00006526603829,1852999,1890299904,0,311.73,278734422016,13098115072,
v0.0.1,2026-09-13T10:32:09.218563+00:00,120.0000746139558,1854999,1927503872,0,312.97,281532186624,13200097280,
v0.0.1,2026-09-13T10:32:10.218541+00:00,121.0000632830197,1858999,1890308096,0,314.21,284265734144,13414060032,
v0.0.1,2026-09-13T10:32:11.218542+00:00,122.00006403098814,1862999,1890308096,0,315.44,286999085056,13598621696,
v0.0.1,2026-09-13T10:32:12.218542+00:00,123.00006250001024,1864999,1890308096,0,316.54,289627684864,13719953408,
v0.0.1,2026-09-13T10:32:13.218565+00:00,124.00008023995906,1867999,1932115968,0,317.69,292304818176,13814108160,
v0.0.1,2026-09-13T10:32:14.218541+00:00,125.00006294902414,1870999,1890381824,0,318.78,294952546304,13962047488,
v0.0.1,2026-09-13T10:32:15.218555+00:00,126.00007608998567,1872999,1919229952,0,319.92,297672237056,14058770432,
v0.0.1,2026-09-13T10:32:16.218552+00:00,127.00007046002429,1875999,1890381824,0,321.13,300366696448,14225178624,
v0.0.1,2026-09-13T10:32:17.218564+00:00,128.00008069095202,1878999,1890381824,0,322.43,303159296000,14392885248,
v0.0.1,2026-09-13T10:32:18.218542+00:00,129.00006307195872,1880999,1905057792,0,323.62,305970933760,14493528064,
v0.0.1,2026-09-13T10:32:19.218541+00:00,130.00006280397065,1883999,1890373632,0,324.93,308734529536,14712651776,
v0.0.1,2026-09-13T10:32:20.218543+00:00,131.00006281700917,1886999,1890373632,0,325.94,311565844480,14817316864,
v0.0.1,2026-09-13T10:32:21.218547+00:00,132.0000648299465,1895593,1890373632,0,327.31,314251042816,15021568000,
v0.0.1,2026-09-13T10:32:22.218551+00:00,133.00007143302355,1912999,1890373632,0,328.67,316863430656,15240638464,
v0.0.1,2026-09-13T10:32:23.218552+00:00,134.00006960704923,1915999,1893789696,0,329.94,319618174976,15369637888,
v0.0.1,2026-09-13T10:32:24.218545+00:00,135.00006509094965,1921999,1890373632,0,331.4,322352074752,15583105024,
v0.0.1,2026-09-13T10:32:25.218542+00:00,136.00006351596676,1924999,1890373632,0,332.63,325103210496,15725060096,
v0.0.1,2026-09-13T10:32:26.218563+00:00,137.00007823097985,1926999,1931943936,0,333.91,327844831232,15828332544,
v0.0.1,2026-09-13T10:32:27.218540+00:00,138.00006154598668,1930999,1890373632,0,335.24,330549055488,16010006528,
v0.0.1,2026-09-13T10:32:28.218545+00:00,139.00006488198414,1933999,1896493056,0,336.64,333269553152,16150278144,
v0.0.1,2026-09-13T10:32:29.218541+00:00,140.00006230804138,1936999,1900142592,0,338.08,336009072640,16290390016,
v0.0.1,2026-09-13T10:32:30.218546+00:00,141.00006729504094,1939999,1896493056,0,339.45,338736025600,16431738880,
v0.0.1,2026-09-13T10:32:31.218543+00:00,142.00006456195842,1943999,1896493056,0,340.88,341420957696,16604753920,
v0.0.1,2026-09-13T10:32:32.218546+00:00,143.00006776000373,1952438,1873043456,0,342.24,343996891136,16813887488,
v0.0.1,2026-09-13T10:32:33.218543+00:00,144.00006432796363,1958999,1902645248,0,343.52,346642419712,16993816576,
v0.0.1,2026-09-13T10:32:34.218552+00:00,145.00006896595005,1963999,1902645248,0,344.73,349337636864,17141723136,
v0.0.1,2026-09-13T10:32:35.218545+00:00,146.00006481504533,1973585,1902645248,0,345.99,351928037376,17334001664,
v0.0.1,2026-09-13T10:32:36.218552+00:00,147.00007017399184,1976999,1947611136,0,347.32,354617126912,17489051648,
v0.0.1,2026-09-13T10:32:37.218543+00:00,148.00006472400855,1981999,1902645248,0,348.65,357284315136,17681539072,
v0.0.1,2026-09-13T10:32:38.218543+00:00,149.00006330397446,1986999,1902645248,0,349.95,359913807872,17855717376,
v0.0.1,2026-09-13T10:32:39.218546+00:00,150.00006532494444,1994951,1902645248,0,351.17,362146316288,18040098816,
v0.0.1,2026-09-13T10:32:40.218541+00:00,151.0000621159561,2000999,1902645248,0,352.34,364091596800,18212028416,
v0.0.1,2026-09-13T10:32:41.218549+00:00,152.000069726957,2009846,1902645248,0,353.58,366277218304,18394095616,
v0.0.1,2026-09-13T10:32:42.218542+00:00,153.00006374903023,2015999,1902645248,0,354.88,368672428032,18537512960,
v0.0.1,2026-09-13T10:32:43.218541+00:00,154.00006207101978,2021999,1902645248,0,356.1,371120189440,18711973888,
v0.0.1,2026-09-13T10:32:44.218540+00:00,155.00006253295578,2029801,1902645248,0,357.41,373581606912,18898546688,
v0.0.1,2026-09-13T10:32:45.218545+00:00,156.00006470701192,2036999,1902645248,0,358.8,376107806720,19104301056,
v0.0.1,2026-09-13T10:32:46.218544+00:00,157.00006505998317,2043327,1902645248,0,359.98,378471157760,19255185408,
v0.0.1,2026-09-13T10:32:47.218539+00:00,158.0000616540201,2049777,1902645248,0,361.27,380854784000,19475542016,
v0.0.1,2026-09-13T10:32:48.218551+00:00,159.00007252802607,2055920,1902645248,0,362.68,383234781184,19723563008,
v0.0.1,2026-09-13T10:32:49.218557+00:00,160.00007675297093,2069359,1902645248,0,363.88,385425108992,19937337344,
v0.0.1,2026-09-13T10:32:50.218547+00:00,161.0000667279819,2082783,1902645248,0,364.92,387470168064,20137598976,
v0.0.1,2026-09-13T10:32:51.218541+00:00,162.00006302294787,2089430,1902645248,0,365.95,389596839936,20279758848,
v0.0.1,2026-09-13T10:32:52.218541+00:00,163.000063229003,2099938,1902645248,0,367.03,391607197696,20457664512,
v0.0.1,2026-09-13T10:32:53.218540+00:00,164.00006168498658,2124525,1902645248,0,368.13,393334468608,20719759360,
v0.0.1,2026-09-13T10:32:54.218540+00:00,165.00006177194882,2141641,1902645248,0,369.17,395257798656,20901228544,
v0.0.1,2026-09-13T10:32:55.218545+00:00,166.0000645989785,2160596,1902645248,0,370.3,397004599296,21118255104,
v0.0.1,2026-09-13T10:32:56.218542+00:00,167.0000632070005,2188999,1903726592,0,371.62,398328291328,21403267072,
v0.0.1,2026-09-13T10:32:57.218543+00:00,168.0000648139976,2285557,1980813312,0,373.34,399380066304,21724876800,
v0.0.1,2026-09-13T10:32:58.218541+00:00,169.00006370199844,2497508,2090979328,0,374.93,400413736960,22098739200,
v0.0.1,2026-09-13T10:32:59.218545+00:00,170.00006645196117,2560999,2109333504,0,376.32,401442394112,22361329664,
v0.0.1,2026-09-13T10:33:00.218544+00:00,171.0000656209886,2646707,2109333504,0,377.79,402347520000,22794047488,
v0.0.1,2026-09-13T10:33:01.218542+00:00,172.00006411003415,2798775,2135674880,0,379.85,403545088000,23276240896,
v0.0.1,2026-09-13T10:33:02.218540+00:00,173.00006174994633,3044822,2177474560,0,381.62,404773347328,23752822784,
v0.0.1,2026-09-13T10:33:03.218541+00:00,174.00006202002987,3127999,2186465280,0,382.95,405938081792,24071942144,
v0.0.1,2026-09-13T10:33:04.218546+00:00,175.0000672310125,3172774,2186473472,0,384.33,407195189248,24264384512,
v0.0.1,2026-09-13T10:33:05.218545+00:00,176.00006588199176,3254941,2186670080,0,385.66,408402128896,24594083840,
v0.0.1,2026-09-13T10:33:06.218545+00:00,177.0000661240192,3341792,2187063296,0,387.01,409588908032,24937877504,
v0.0.1,2026-09-13T10:33:07.218543+00:00,178.00006525497884,3421999,2187522048,0,388.34,410912165888,25267302400,
v0.0.1,2026-09-13T10:33:08.218539+00:00,179.0000610880088,3470413,2188611584,0,389.43,412272345088,25537187840,
v0.0.1,2026-09-13T10:33:08.819074Z,179.6006019115448,3478843,,,,,,
v0.0.1,2026-09-13T10:33:09.218553+00:00,180.00007378100418,3478843,2188967936,0,389.85,412869877760,25612554240,
v0.1.0,2026-09-13T10:33:40.783041+00:00,0,0,,,,,,
v0.1.0,2026-09-13T10:33:40.783053+00:00,0.00031855504494160414,,1187840,0,0.0,0,0,cannot convert float NaN to integer
v0.1.0,2026-09-13T10:33:41.782812+00:00,1.0000687170540914,,444084224,0,9.06,1245401088,2789376,cannot convert float NaN to integer
v0.1.0,2026-09-13T10:33:42.782809+00:00,2.0000690820161253,,506068992,0,21.09,3833516032,4255744,cannot convert float NaN to integer
v0.1.0,2026-09-13T10:33:43.782805+00:00,3.0000652379821986,,529530880,0,29.61,6763573248,5091328,cannot convert float NaN to integer
v0.1.0,2026-09-13T10:33:44.782802+00:00,4.000062403967604,,552214528,0,37.04,9895538688,5541888,cannot convert float NaN to integer
v0.1.0,2026-09-13T10:33:45.782808+00:00,5.000066120992415,,571334656,0,44.76,13056462848,5988352,cannot convert float NaN to integer
v0.1.0,2026-09-13T10:33:46.782807+00:00,6.000066497013904,,581152768,0,52.28,16222740480,6430720,cannot convert float NaN to integer
v0.1.0,2026-09-13T10:33:47.782807+00:00,7.000066754058935,,602021888,0,58.96,19385638912,7008256,cannot convert float NaN to integer
v0.1.0,2026-09-13T10:33:48.782810+00:00,8.0000678319484,,610021376,0,64.85,22619680768,7524352,cannot convert float NaN to integer
v0.1.0,2026-09-13T10:33:49.782805+00:00,9.00006479001604,,625274880,0,70.25,25898192896,7979008,cannot convert float NaN to integer
v0.1.0,2026-09-13T10:33:50.782811+00:00,10.000070287962444,,642633728,0,75.65,29261864960,8396800,cannot convert float NaN to integer
v0.1.0,2026-09-13T10:33:51.782806+00:00,11.000066007021815,,647249920,0,80.83,32637599744,8781824,cannot convert float NaN to integer
v0.1.0,2026-09-13T10:33:52.782806+00:00,12.000065597007051,,651104256,0,86.43,35944833024,9412608,cannot convert float NaN to integer
v0.1.0,2026-09-13T10:33:53.782808+00:00,13.000065176049247,,655101952,0,92.34,39237050368,10100736,cannot convert float NaN to integer
v0.1.0,2026-09-13T10:33:54.782804+00:00,14.000064425054006,,662495232,0,98.12,42531143680,10768384,cannot convert float NaN to integer
v0.1.0,2026-09-13T10:33:55.782816+00:00,15.000073645962402,,678318080,0,103.75,45865549824,11218944,cannot convert float NaN to integer
v0.1.0,2026-09-13T10:33:56.782803+00:00,16.00006338604726,,688066560,0,109.44,49232048128,11710464,cannot convert float NaN to integer
v0.1.0,2026-09-13T10:33:57.782810+00:00,17.000069667003118,,702795776,0,114.75,52619845632,12197888,cannot convert float NaN to integer
v0.1.0,2026-09-13T10:33:58.782813+00:00,18.00007066805847,,709750784,0,119.99,56081416192,12656640,cannot convert float NaN to integer
v0.1.0,2026-09-13T10:33:59.782803+00:00,19.00006322003901,,712744960,0,124.95,59558100992,13070336,cannot convert float NaN to integer
v0.1.0,2026-09-13T10:34:00.782805+00:00,20.000064991996624,,726405120,0,130.13,63074242560,13422592,cannot convert float NaN to integer
v0.1.0,2026-09-13T10:34:01.782808+00:00,21.000067273969762,,728518656,0,135.68,66573582336,13778944,cannot convert float NaN to integer
v0.1.0,2026-09-13T10:34:02.782805+00:00,22.000064556952566,,732233728,0,141.05,70072029184,14061568,cannot convert float NaN to integer
v0.1.0,2026-09-13T10:34:03.782811+00:00,23.000065029016696,,739307520,0,146.56,73585721344,14356480,cannot convert float NaN to integer
v0.1.0,2026-09-13T10:34:04.782825+00:00,24.00007813295815,,751099904,0,151.78,77158948864,14548992,cannot convert float NaN to integer
v0.1.0,2026-09-13T10:34:05.782804+00:00,25.000064535997808,,769519616,0,156.93,80742715392,14700544,cannot convert float NaN to integer
v0.1.0,2026-09-13T10:34:06.782807+00:00,26.00006516103167,,781164544,0,161.38,84324990976,14921728,cannot convert float NaN to integer
v0.1.0,2026-09-13T10:34:07.782806+00:00,27.000064244959503,,799006720,0,166.05,87918637056,15114240,cannot convert float NaN to integer
v0.1.0,2026-09-13T10:34:08.782811+00:00,28.000068860012107,,805392384,0,170.66,91517325312,15253504,cannot convert float NaN to integer
v0.1.0,2026-09-13T10:34:09.782816+00:00,29.000071365037,,813920256,0,175.15,95118123008,15388672,cannot convert float NaN to integer
v0.1.0,2026-09-13T10:34:10.782810+00:00,30.000068711000495,,815689728,0,179.82,98721763328,15556608,cannot convert float NaN to integer
v0.1.0,2026-09-13T10:34:11.782803+00:00,31.000063496059738,,820989952,0,184.56,102320541696,15708160,cannot convert float NaN to integer
v0.1.0,2026-09-13T10:34:12.782807+00:00,32.00006566301454,,828329984,0,189.48,105910730752,15843328,cannot convert float NaN to integer
v0.1.0,2026-09-13T10:34:13.782805+00:00,33.00006548897363,,833196032,0,194.05,109541310464,15933440,cannot convert float NaN to integer
v0.1.0,2026-09-13T10:34:14.782818+00:00,34.00007262604777,,840396800,0,198.79,113079590912,16015360,cannot convert float NaN to integer
v0.1.0,2026-09-13T10:34:15.782815+00:00,35.00007129297592,,848343040,0,203.38,116568719360,16130048,cannot convert float NaN to integer
v0.1.0,2026-09-13T10:34:16.782804+00:00,36.00006361003034,,862240768,0,207.54,120100257792,16240640,cannot convert float NaN to integer
v0.1.0,2026-09-13T10:34:17.782831+00:00,37.000081988982856,,877862912,0,211.71,123767521280,16281600,cannot convert float NaN to integer
v0.1.0,2026-09-13T10:34:18.782806+00:00,38.00006549700629,,887369728,0,215.87,127510462464,16310272,cannot convert float NaN to integer
v0.1.0,2026-09-13T10:34:19.782825+00:00,39.00007666496094,,888365056,0,220.63,131278336000,16330752,cannot convert float NaN to integer
v0.1.0,2026-09-13T10:34:20.782820+00:00,40.00007962505333,,907198464,0,222.5,132102320128,16334848,cannot convert float NaN to integer
v0.1.0,2026-09-13T10:34:21.782815+00:00,41.00007408403326,,910626816,0,223.47,132104806400,16334848,cannot convert float NaN to integer
v0.1.0,2026-09-13T10:34:22.782800+00:00,42.00006090395618,,963575808,0,223.82,132181024768,16347136,cannot convert float NaN to integer
v0.1.0,2026-09-13T10:34:23.782818+00:00,43.00007797405124,,963592192,0,223.83,132183986176,16347136,cannot convert float NaN to integer
v0.1.0,2026-09-13T10:34:24.782818+00:00,44.00007830397226,,963592192,0,223.83,132183986176,16347136,cannot convert float NaN to integer
v0.1.0,2026-09-13T10:34:25.782822+00:00,45.00008142495062,,963592192,0,223.83,132183986176,16347136,cannot convert float NaN to integer
v0.1.0,2026-09-13T10:34:26.782819+00:00,46.00007868499961,,963592192,0,223.83,132183986176,16347136,cannot convert float NaN to integer
v0.1.0,2026-09-13T10:34:27.782817+00:00,47.00007676600944,,963592192,0,223.83,132183986176,16347136,cannot convert float NaN to integer
v0.1.0,2026-09-13T10:34:28.782815+00:00,48.000073448056355,,974688256,0,224.81,133355954176,16355328,cannot convert float NaN to integer
v0.1.0,2026-09-13T10:34:29.782815+00:00,49.000074379961006,87537,1006182400,0,225.7,135062966272,36773888,
v0.1.0,2026-09-13T10:34:30.782805+00:00,50.000063732033595,87537,1008185344,0,226.76,136565071872,36773888,
v0.1.0,2026-09-13T10:34:31.782805+00:00,51.00006295403,174999,1024446464,0,227.82,138079936512,63205376,
v0.1.0,2026-09-13T10:34:32.782820+00:00,52.000080098048784,174999,1024577536,0,228.82,139502157824,63205376,
v0.1.0,2026-09-13T10:34:33.782804+00:00,53.00006390095223,174999,1026592768,0,229.71,140725018624,63205376,
v0.1.0,2026-09-13T10:34:34.782807+00:00,54.00006562494673,262381,1044484096,0,230.65,142045118464,95412224,
v0.1.0,2026-09-13T10:34:35.782818+00:00,55.00007669895422,262381,1044606976,0,231.61,143516483584,95412224,
v0.1.0,2026-09-13T10:34:36.782804+00:00,56.00006422295701,262381,1045352448,0,232.38,144849362944,95412224,
v0.1.0,2026-09-13T10:34:37.782804+00:00,57.000064117019065,262381,1045352448,0,232.99,145842302976,95412224,
v0.1.0,2026-09-13T10:34:38.782826+00:00,58.00008483196143,349999,1069932544,0,233.86,146912124928,133853184,
v0.1.0,2026-09-13T10:34:39.782805+00:00,59.00006549700629,434341,1093808128,0,235.29,148132356096,178028544,
v0.1.0,2026-09-13T10:34:40.782804+00:00,60.00006333296187,542999,1123123200,0,236.79,149410312192,277463040,
v0.1.0,2026-09-13T10:34:41.782808+00:00,61.00006727897562,592999,1153781760,0,237.94,150881112064,332386304,
v0.1.0,2026-09-13T10:34:42.782804+00:00,62.000063905958086,801223,1212067840,0,239.8,152046854144,586825728,
v0.1.0,2026-09-13T10:34:43.782806+00:00,63.00006618199404,938978,1244467200,0,241.46,153155117056,805298176,
v0.1.0,2026-09-13T10:34:44.782806+00:00,64.00006475904956,1067999,1284153344,0,242.97,154227036160,1043726336,
v0.1.0,2026-09-13T10:34:45.782808+00:00,65.00006617605686,1189999,1299144704,0,244.45,155377090560,1296408576,
v0.1.0,2026-09-13T10:34:46.782803+00:00,66.00006365403533,1289999,1335721984,0,245.89,156553076736,1482887168,
v0.1.0,2026-09-13T10:34:47.782804+00:00,67.00006335100625,1423999,1371492352,0,247.3,157703913472,1766576128,
v0.1.0,2026-09-13T10:34:48.782802+00:00,68.00006247998681,1540999,1374982144,0,248.89,158710636544,2101690368,
v0.1.0,2026-09-13T10:34:49.782823+00:00,69.00008170900401,1676457,1408131072,0,250.47,159818510336,2419003392,
v0.1.0,2026-09-13T10:34:50.782805+00:00,70.00006513798144,1709999,1442877440,0,251.32,161459662848,2592059392,
v0.1.0,2026-09-13T10:34:51.782805+00:00,71.00006487604696,1713633,1450962944,0,252.12,163197046784,2689675264,
v0.1.0,2026-09-13T10:34:52.782803+00:00,72.00006352597848,1716213,1491550208,0,253.03,164970270720,2810433536,
v0.1.0,2026-09-13T10:34:53.782804+00:00,73.00006418605335,1722999,1600761856,0,253.91,166813474816,2956222464,
v0.1.0,2026-09-13T10:34:54.782808+00:00,74.0000672560418,1728999,1630883840,0,255.03,168733376512,3222183936,
v0.1.0,2026-09-13T10:34:55.782815+00:00,75.00007423700299,1732999,1707249664,0,256.47,171036659712,3599925248,
v0.1.0,2026-09-13T10:34:56.782803+00:00,76.00006275705528,1734999,1730650112,0,257.71,173597122560,3833978880,
v0.1.0,2026-09-13T10:34:57.782822+00:00,77.00008149805944,1737710,1999876096,0,259.31,175933149184,4332048384,
v0.1.0,2026-09-13T10:34:58.782817+00:00,78.00007488997653,1739999,2115702784,0,260.96,178237882368,4793421824,
v0.1.0,2026-09-13T10:34:59.782813+00:00,79.00007010204718,1744999,2122674176,0,262.15,180218421248,5189804032,
v0.1.0,2026-09-13T10:35:00.782812+00:00,80.00006914394908,1750999,2117550080,0,263.55,182779867136,5565132800,
v0.1.0,2026-09-13T10:35:01.782809+00:00,81.00006610597484,1753999,2264330240,0,264.97,185344032768,5878706176,
v0.1.0,2026-09-13T10:35:02.782805+00:00,82.00006508897059,1757999,2077921280,0,266.34,187819335680,6286155776,
v0.1.0,2026-09-13T10:35:03.782813+00:00,83.00006939203013,1760999,2215038976,0,267.82,190362689536,6595526656,
v0.1.0,2026-09-13T10:35:04.782810+00:00,84.00006803497672,1763999,2143985664,0,269.18,192867631104,6909726720,
v0.1.0,2026-09-13T10:35:05.782805+00:00,85.0000649089925,1766999,2079399936,0,270.55,195378331648,7269752832,
v0.1.0,2026-09-13T10:35:06.782804+00:00,86.00006393296644,1768999,2083295232,0,271.78,198008975360,7478349824,
v0.1.0,2026-09-13T10:35:07.782804+00:00,87.0000640769722,1771999,2143674368,0,273.11,200617222144,7757864960,
v0.1.0,2026-09-13T10:35:08.782827+00:00,88.00008418201469,1775999,2083295232,0,274.41,203175153664,8112672768,
v0.1.0,2026-09-13T10:35:09.782804+00:00,89.00006401597057,1778999,2083295232,0,275.71,205837398016,8355688448,
v0.1.0,2026-09-13T10:35:10.782804+00:00,90.00006416195538,1780999,2180448256,0,277.0,208551948288,8538607616,
v0.1.0,2026-09-13T10:35:11.782810+00:00,91.00006789702456,1783999,2083868672,0,278.28,211177545728,8868331520,
v0.1.0,2026-09-13T10:35:12.782803+00:00,92.00006243295502,1785999,2083868672,0,279.77,213772247040,9267011584,
v0.1.0,2026-09-13T10:35:13.782825+00:00,93.00008034904022,1788999,2083868672,0,281.06,216350846976,9528074240,
v0.1.0,2026-09-13T10:35:14.782819+00:00,94.00007748603821,1791999,2083868672,0,282.47,218923851776,9894326272,
v0.1.0,2026-09-13T10:35:15.782804+00:00,95.00006355205551,1795999,2072752128,0,283.89,221553467392,10219806720,
v0.1.0,2026-09-13T10:35:16.782807+00:00,96.00006635906175,1798999,2072752128,0,285.28,224141127680,10572537856,
v0.1.0,2026-09-13T10:35:17.782814+00:00,97.00007210695185,1802999,2188083200,0,286.56,226753339392,10838478848,
v0.1.0,2026-09-13T10:35:18.782816+00:00,98.00007039494812,1805999,2063265792,0,287.93,229355327488,11205648384,
v0.1.0,2026-09-13T10:35:19.782806+00:00,99.00006655196194,1807999,2063265792,0,289.36,232003719168,11576729600,
v0.1.0,2026-09-13T10:35:20.782815+00:00,100.00007504003588,1811999,2063265792,0,290.61,234447601664,11819061248,
v0.1.0,2026-09-13T10:35:21.782813+00:00,101.00007012905553,1814999,2169294848,0,292.15,237042028544,12165218304,
v0.1.0,2026-09-13T10:35:22.782818+00:00,102.00007608800661,1817999,2066972672,0,293.48,239640117248,12549632000,
v0.1.0,2026-09-13T10:35:23.782803+00:00,103.00006329698954,1821999,2105081856,0,294.91,242200907776,12858236928,
v0.1.0,2026-09-13T10:35:24.782802+00:00,104.00006211700384,1830999,2233217024,0,296.24,244901330944,13083197440,
v0.1.0,2026-09-13T10:35:25.782803+00:00,105.00006305600982,1833999,2066980864,0,297.45,247560069120,13391581184,
v0.1.0,2026-09-13T10:35:26.782807+00:00,106.00006664695684,1836999,2066980864,0,298.78,250232102912,13663940608,
v0.1.0,2026-09-13T10:35:27.782821+00:00,107.00007987697609,1840999,2066980864,0,299.92,253003165696,13836959744,
v0.1.0,2026-09-13T10:35:28.782805+00:00,108.0000644379761,1842999,2066980864,0,301.02,255780499456,13959254016,
v0.1.0,2026-09-13T10:35:29.782803+00:00,109.00006382795982,1844999,2066980864,0,302.23,258562740224,14135558144,
v0.1.0,2026-09-13T10:35:30.782807+00:00,110.00006627000403,1848999,2066980864,0,303.38,261298249728,14311018496,
v0.1.0,2026-09-13T10:35:31.782803+00:00,111.00006331200711,1851999,2066980864,0,304.58,264025448448,14527148032,
v0.1.0,2026-09-13T10:35:32.782810+00:00,112.00006787304301,1854999,2066980864,0,305.53,266446032896,14635704320,
v0.1.0,2026-09-13T10:35:33.782810+00:00,113.00006800505798,1857999,2066989056,0,306.66,269221892096,14807580672,
v0.1.0,2026-09-13T10:35:34.782810+00:00,114.00006859796122,1860999,2066989056,0,307.75,271990054912,14955769856,
v0.1.0,2026-09-13T10:35:35.782805+00:00,115.00006505998317,1864999,2066989056,0,308.83,274570506240,15146274816,
v0.1.0,2026-09-13T10:35:36.782804+00:00,116.00006410304923,1867999,2066989056,0,309.85,277207801856,15284101120,
v0.1.0,2026-09-13T10:35:37.782899+00:00,117.00015469803475,1869999,2067054592,0,310.91,279879442432,15388688384,
v0.1.0,2026-09-13T10:35:38.782807+00:00,118.00006659096107,1872999,2067054592,0,311.95,282529603584,15549353984,
v0.1.0,2026-09-13T10:35:39.782809+00:00,119.00006563495845,1874999,2067054592,0,312.99,285240123392,15665389568,
v0.1.0,2026-09-13T10:35:40.782805+00:00,120.00006433902308,1877999,2067054592,0,314.12,287974043648,15844089856,
v0.1.0,2026-09-13T10:35:41.782802+00:00,121.00006249302533,1880999,2067054592,0,315.23,290747748352,16012505088,
v0.1.0,2026-09-13T10:35:42.782807+00:00,122.00006550794933,1883999,2067054592,0,316.4,293516570624,16191356928,
v0.1.0,2026-09-13T10:35:43.782809+00:00,123.00006505299825,1886999,2067046400,0,317.49,296288301056,16357425152,
v0.1.0,2026-09-13T10:35:44.782805+00:00,124.00006430805661,1888999,2067046400,0,318.6,299016306688,16527753216,
v0.1.0,2026-09-13T10:35:45.782805+00:00,125.00006435404066,1912999,2067046400,0,319.89,301580255232,16794714112,
v0.1.0,2026-09-13T10:35:46.782811+00:00,126.00006887002382,1915999,2067046400,0,321.03,304312729600,16931868672,
v0.1.0,2026-09-13T10:35:47.782803+00:00,127.00006373703945,1921999,2067046400,0,322.27,307024211968,17157492736,
v0.1.0,2026-09-13T10:35:48.782823+00:00,128.00008179305587,1924999,2067046400,0,323.29,309758103552,17308491776,
v0.1.0,2026-09-13T10:35:49.782807+00:00,129.00006665999535,1927999,2022133760,0,324.41,312468942848,17471107072,
v0.1.0,2026-09-13T10:35:50.782805+00:00,130.0000647669658,1930999,2022133760,0,325.49,315212267520,17611509760,
v0.1.0,2026-09-13T10:35:51.782803+00:00,131.00006280397065,1933999,2022133760,0,326.65,317931511808,17810743296,
v0.1.0,2026-09-13T10:35:52.782812+00:00,132.00006942194887,1937999,2022133760,0,327.8,320708444160,17957117952,
v0.1.0,2026-09-13T10:35:53.782824+00:00,133.0000836700201,1940999,2022133760,0,328.94,323455774720,18112692224,
v0.1.0,2026-09-13T10:35:54.782829+00:00,134.00008809904102,1945999,2022133760,0,330.14,326109413376,18303434752,
v0.1.0,2026-09-13T10:35:55.782807+00:00,135.0000645170221,1953776,2022133760,0,331.33,328715763712,18495553536,
v0.1.0,2026-09-13T10:35:56.782814+00:00,136.00006884604227,1959999,2022133760,0,332.75,331288903680,18790133760,
v0.1.0,2026-09-13T10:35:57.782802+00:00,137.00006270501763,1965999,2022133760,0,333.9,333943214080,18955042816,
v0.1.0,2026-09-13T10:35:58.782802+00:00,138.00006272399332,1974999,2022133760,0,335.07,336547549184,19143204864,
v0.1.0,2026-09-13T10:35:59.782830+00:00,139.00008509401232,1978999,2022133760,0,336.03,339293417472,19309043712,
v0.1.0,2026-09-13T10:36:00.782813+00:00,140.0000697040232,1983999,2022133760,0,337.12,341960974336,19495219200,
v0.1.0,2026-09-13T10:36:01.782803+00:00,141.00006361398846,1990900,2022133760,0,338.27,344426557440,19713040384,
v0.1.0,2026-09-13T10:36:02.782817+00:00,142.00007671501953,1998056,2022133760,0,339.28,346480136192,19902959616,
v0.1.0,2026-09-13T10:36:03.782805+00:00,143.0000645449618,2002931,2022133760,0,340.31,348650594304,20061282304,
v0.1.0,2026-09-13T10:36:04.782805+00:00,144.00006435601972,2012919,2022133760,0,341.5,350833508352,20298817536,
v0.1.0,2026-09-13T10:36:05.782803+00:00,145.0000630080467,2018999,2022133760,0,342.57,353248034816,20472619008,
v0.1.0,2026-09-13T10:36:06.782804+00:00,146.0000640390208,2025999,2022133760,0,343.63,355699548160,20650311680,
v0.1.0,2026-09-13T10:36:07.782810+00:00,147.0000668320572,2033609,2022133760,0,344.74,358232092672,20830486528,
v0.1.0,2026-09-13T10:36:08.782803+00:00,148.00006326299626,2040999,2022133760,0,345.85,360659947520,21043150848,
v0.1.0,2026-09-13T10:36:09.782818+00:00,149.0000766259618,2047713,2022133760,0,346.93,363029438464,21237243904,
v0.1.0,2026-09-13T10:36:10.782809+00:00,150.000068688998,2053625,2022133760,0,348.17,365422690304,21479841792,
v0.1.0,2026-09-13T10:36:11.782804+00:00,151.00006451201625,2064849,2022133760,0,349.38,367674093568,21745418240,
v0.1.0,2026-09-13T10:36:12.782805+00:00,152.00006456498522,2082527,2022133760,0,350.72,369715331072,22010314752,
v0.1.0,2026-09-13T10:36:13.782804+00:00,153.0000637290068,2090669,2022133760,0,351.66,371826188288,22186233856,
v0.1.0,2026-09-13T10:36:14.782823+00:00,154.00008186302148,2101999,2022133760,0,352.62,373867192320,22383763456,
v0.1.0,2026-09-13T10:36:15.782802+00:00,155.00006251700688,2127791,2022133760,0,353.68,375839617024,22658150400,
v0.1.0,2026-09-13T10:36:16.782820+00:00,156.00007935101166,2147487,2022133760,0,354.6,377738027008,22880800768,
v0.1.0,2026-09-13T10:36:17.782804+00:00,157.000063105952,2170489,2022133760,0,355.55,379444711424,23130071040,
v0.1.0,2026-09-13T10:36:18.782806+00:00,158.00006460095756,2370740,2136440832,0,359.3,380189331456,23974793216,
v0.1.0,2026-09-13T10:36:19.782824+00:00,159.00008187606,2634371,2170716160,0,362.3,380719374336,24781709312,
v0.1.0,2026-09-13T10:36:20.782805+00:00,160.00006523099728,2920630,2208759808,0,364.71,381594079232,25636253696,
v0.1.0,2026-09-13T10:36:21.782804+00:00,161.00006348697934,3098999,2199355392,0,366.89,382520516608,26336120832,
v0.1.0,2026-09-13T10:36:22.782805+00:00,162.00006434402894,3195270,2199355392,0,368.56,383370588160,26680860672,
v0.1.0,2026-09-13T10:36:23.782803+00:00,163.00006241700612,3286514,2200207360,0,369.91,384433897472,27068084224,
v0.1.0,2026-09-13T10:36:24.782809+00:00,164.00006813404616,3354873,2200469504,0,371.19,385511825408,27360186368,
v0.1.0,2026-09-13T10:36:25.782806+00:00,165.0000660100486,3432999,2200731648,0,372.48,386728398848,27711909888,
v0.1.0,2026-09-13T10:36:26.782806+00:00,166.00006509700324,3463905,2200993792,0,373.43,387972116480,27893112832,
v0.1.0,2026-09-13T10:36:27.256526Z,166.47379231452942,3478843,,,,,,
v0.1.0,2026-09-13T10:36:27.782805+00:00,167.0000641749939,3478843,2201288704,0,373.85,388346617856,28006146048,
